{"param": 188037, "train_loss": [0.1856475498920344, 0.16741915931369555, 0.16403994129408556, 0.1625026605183261, 0.16173747215304637, 0.16135899444889937, 0.1611752799758444, 0.16107208589907226, 0.16102375789082374, 0.16099655520526027, 0.16098569302288646, 0.16097358826066904, 0.1609751616846478, 0.16096995090899702], "val_loss": [0.17214731309106762, 0.16867190489203346, 0.1660830655876471, 0.16503395369010312, 0.16475289647980612, 0.1645034470120255, 0.164535062836141, 0.16445732865558596, 0.1643241789344014, 0.16443807568629176, 0.16425935243237383, 0.16431555858224023, 0.16435499889966176, 0.16431476426671962]}